{	
	"dataType": "albums",
	"source": "localhost/main.html",
	"quantity": 2,
	"albums":[
		{
			"title": "Minsky i Uhta",
			"quantity_of_pictures": "5",
			"location":"South Africa",
			"start_date":"21.12.2016",
			"end_date":"07.01.2016",
			"images":[
				{"image": "images/1.jpg", "page":"1", "hidden":false},
				{"image": "images/2.jpg", "page":"1", "hidden":false},
				{"image": "images/3.jpg", "page":"1", "hidden":false},
				{"image": "images/4.jpg", "page":"2", "hidden":true},
				{"image": "images/5.jpg", "page":"2", "hidden":true}
			],
			"nextpage":true
		},
		{
			"title": "Minsky i Uhta",
			"quantity_of_pictures": "5",
			"location":"South Africa",
			"start_date":"21.12.2016",
			"end_date":"07.01.2016",
			"images":[
				{"image": "images/1.jpg", "page":"1", "hidden":false},
				{"image": "images/2.jpg", "page":"1", "hidden":false},
				{"image": "images/3.jpg", "page":"1", "hidden":false},
				{"image": "images/4.jpg", "page":"2", "hidden":true},
				{"image": "images/5.jpg", "page":"2", "hidden":true}
			],
			"nextpage":true
		}
	]
}
